image_id,results
139,"[{'rois': array([[ 476,  147,  650,  240],
       [ 507,  637,  674,  699],
       [ 504,  324,  660,  385],
       [ 500,  833,  589,  856],
       [ 507,  736,  683,  787],
       [ 498,  918,  612,  951],
       [ 513,  875,  590,  897],
       [ 477,  361,  577,  401],
       [ 509,  953,  602,  980],
       [ 524,  408,  590,  465],
       [ 306,  493,  376,  533],
       [ 504,  710,  565,  734],
       [ 473,  315,  581,  353],
       [ 498,  677,  549,  698],
       [ 288,  577,  372,  633],
       [ 505,  852,  577,  864],
       [ 529,  980,  607, 1007],
       [ 531,  396,  581,  425],
       [ 516,  219,  565,  237],
       [ 503,  727,  563,  747]]), 'class_ids': array([ 1,  1,  1,  1,  1,  1,  1,  1,  1,  2, 10,  1,  1,  1, 13,  1,  1,
        2, 25,  1]), 'scores': array([0.9996618 , 0.99922824, 0.99864393, 0.99319434, 0.9931377 ,
       0.9907314 , 0.98900324, 0.9884697 , 0.98147696, 0.9802548 ,
       0.9697119 , 0.9636799 , 0.95280224, 0.93408614, 0.9287156 ,
       0.9132278 , 0.90947175, 0.81997   , 0.8192738 , 0.7802971 ],
      dtype=float32), 'masks': array([[[False, False, False, ..., False, False, False],
        [False, False, False, ..., False, False, False],
        [False, False, False, ..., False, False, False],
        ...,
        [False, False, False, ..., False, False, False],
        [False, False, False, ..., False, False, False],
        [False, False, False, ..., False, False, False]],

       [[False, False, False, ..., False, False, False],
        [False, False, False, ..., False, False, False],
        [False, False, False, ..., False, False, False],
        ...,
        [False, False, False, ..., False, False, False],
        [False, False, False, ..., False, False, False],
        [False, False, False, ..., False, False, False]],

       [[False, False, False, ..., False, False, False],
        [False, False, False, ..., False, False, False],
        [False, False, False, ..., False, False, False],
        ...,
        [False, False, False, ..., False, False, False],
        [False, False, False, ..., False, False, False],
        [False, False, False, ..., False, False, False]],

       ...,

       [[False, False, False, ..., False, False, False],
        [False, False, False, ..., False, False, False],
        [False, False, False, ..., False, False, False],
        ...,
        [False, False, False, ..., False, False, False],
        [False, False, False, ..., False, False, False],
        [False, False, False, ..., False, False, False]],

       [[False, False, False, ..., False, False, False],
        [False, False, False, ..., False, False, False],
        [False, False, False, ..., False, False, False],
        ...,
        [False, False, False, ..., False, False, False],
        [False, False, False, ..., False, False, False],
        [False, False, False, ..., False, False, False]],

       [[False, False, False, ..., False, False, False],
        [False, False, False, ..., False, False, False],
        [False, False, False, ..., False, False, False],
        ...,
        [False, False, False, ..., False, False, False],
        [False, False, False, ..., False, False, False],
        [False, False, False, ..., False, False, False]]])}]"
285,"[{'rois': array([[ 229,  647,  544,  970],
       [ 657,  713,  782,  819],
       [ 658,  790,  783,  926],
       [ 711,  571,  782,  647],
       [ 696,    2,  782,   94],
       [ 664,  950,  794, 1024],
       [ 639,  224,  769,  450],
       [ 720,  453,  778,  497],
       [ 654,  649,  673,  698],
       [ 668,    0,  752,   33],
       [ 617,   13,  778,  326],
       [ 621,  284,  663,  481],
       [ 663,   22,  847,  988],
       [ 663,  887,  679,  955],
       [ 739,  927,  776,  961]]), 'class_ids': array([17,  1,  1,  1,  1,  1,  3,  1,  3,  1,  3,  3,  3,  3, 57]), 'scores': array([0.99991465, 0.9984034 , 0.99451977, 0.9928268 , 0.9842398 ,
       0.9825174 , 0.97857225, 0.9649755 , 0.8902639 , 0.87958413,
       0.8646941 , 0.8490536 , 0.74671924, 0.712259  , 0.710911  ],
      dtype=float32), 'masks': array([[[False, False, False, ..., False, False, False],
        [False, False, False, ..., False, False, False],
        [False, False, False, ..., False, False, False],
        ...,
        [False, False, False, ..., False, False, False],
        [False, False, False, ..., False, False, False],
        [False, False, False, ..., False, False, False]],

       [[False, False, False, ..., False, False, False],
        [False, False, False, ..., False, False, False],
        [False, False, False, ..., False, False, False],
        ...,
        [False, False, False, ..., False, False, False],
        [False, False, False, ..., False, False, False],
        [False, False, False, ..., False, False, False]],

       [[False, False, False, ..., False, False, False],
        [False, False, False, ..., False, False, False],
        [False, False, False, ..., False, False, False],
        ...,
        [False, False, False, ..., False, False, False],
        [False, False, False, ..., False, False, False],
        [False, False, False, ..., False, False, False]],

       ...,

       [[False, False, False, ..., False, False, False],
        [False, False, False, ..., False, False, False],
        [False, False, False, ..., False, False, False],
        ...,
        [False, False, False, ..., False, False, False],
        [False, False, False, ..., False, False, False],
        [False, False, False, ..., False, False, False]],

       [[False, False, False, ..., False, False, False],
        [False, False, False, ..., False, False, False],
        [False, False, False, ..., False, False, False],
        ...,
        [False, False, False, ..., False, False, False],
        [False, False, False, ..., False, False, False],
        [False, False, False, ..., False, False, False]],

       [[False, False, False, ..., False, False, False],
        [False, False, False, ..., False, False, False],
        [False, False, False, ..., False, False, False],
        ...,
        [False, False, False, ..., False, False, False],
        [False, False, False, ..., False, False, False],
        [False, False, False, ..., False, False, False]]])}]"
632,"[{'rois': array([[ 558,  360, 1012,  699]]), 'class_ids': array([11]), 'scores': array([0.9957748], dtype=float32), 'masks': array([[[False],
        [False],
        [False],
        ...,
        [False],
        [False],
        [False]],

       [[False],
        [False],
        [False],
        ...,
        [False],
        [False],
        [False]],

       [[False],
        [False],
        [False],
        ...,
        [False],
        [False],
        [False]],

       ...,

       [[False],
        [False],
        [False],
        ...,
        [False],
        [False],
        [False]],

       [[False],
        [False],
        [False],
        ...,
        [False],
        [False],
        [False]],

       [[False],
        [False],
        [False],
        ...,
        [False],
        [False],
        [False]]])}]"
724,"[{'rois': array([[336, 440, 700, 796],
       [448, 397, 533, 426],
       [508, 176, 718, 314],
       [480,  88, 796, 181],
       [487, 287, 603, 366],
       [488, 333, 549, 383],
       [414, 676, 470, 733],
       [418, 225, 596, 269],
       [585,  66, 654, 105],
       [453, 366, 486, 399],
       [668, 118, 804, 217]]), 'class_ids': array([ 7,  1,  1,  1,  1,  1,  1,  1, 27, 12, 27]), 'scores': array([0.99969983, 0.99895465, 0.9949005 , 0.9938387 , 0.9903644 ,
       0.97997975, 0.9760157 , 0.9531894 , 0.8857652 , 0.8620975 ,
       0.8421415 ], dtype=float32), 'masks': array([[[False, False, False, ..., False, False, False],
        [False, False, False, ..., False, False, False],
        [False, False, False, ..., False, False, False],
        ...,
        [False, False, False, ..., False, False, False],
        [False, False, False, ..., False, False, False],
        [False, False, False, ..., False, False, False]],

       [[False, False, False, ..., False, False, False],
        [False, False, False, ..., False, False, False],
        [False, False, False, ..., False, False, False],
        ...,
        [False, False, False, ..., False, False, False],
        [False, False, False, ..., False, False, False],
        [False, False, False, ..., False, False, False]],

       [[False, False, False, ..., False, False, False],
        [False, False, False, ..., False, False, False],
        [False, False, False, ..., False, False, False],
        ...,
        [False, False, False, ..., False, False, False],
        [False, False, False, ..., False, False, False],
        [False, False, False, ..., False, False, False]],

       ...,

       [[False, False, False, ..., False, False, False],
        [False, False, False, ..., False, False, False],
        [False, False, False, ..., False, False, False],
        ...,
        [False, False, False, ..., False, False, False],
        [False, False, False, ..., False, False, False],
        [False, False, False, ..., False, False, False]],

       [[False, False, False, ..., False, False, False],
        [False, False, False, ..., False, False, False],
        [False, False, False, ..., False, False, False],
        ...,
        [False, False, False, ..., False, False, False],
        [False, False, False, ..., False, False, False],
        [False, False, False, ..., False, False, False]],

       [[False, False, False, ..., False, False, False],
        [False, False, False, ..., False, False, False],
        [False, False, False, ..., False, False, False],
        ...,
        [False, False, False, ..., False, False, False],
        [False, False, False, ..., False, False, False],
        [False, False, False, ..., False, False, False]]])}]"
776,"[{'rois': array([[190, 235, 867, 697]]), 'class_ids': array([62]), 'scores': array([0.99995875], dtype=float32), 'masks': array([[[False],
        [False],
        [False],
        ...,
        [False],
        [False],
        [False]],

       [[False],
        [False],
        [False],
        ...,
        [False],
        [False],
        [False]],

       [[False],
        [False],
        [False],
        ...,
        [False],
        [False],
        [False]],

       ...,

       [[False],
        [False],
        [False],
        ...,
        [False],
        [False],
        [False]],

       [[False],
        [False],
        [False],
        ...,
        [False],
        [False],
        [False]],

       [[False],
        [False],
        [False],
        ...,
        [False],
        [False],
        [False]]])}]"
785,"[{'rois': array([[601, 588, 627, 695],
       [597, 659, 616, 678],
       [594, 590, 618, 611]]), 'class_ids': array([9, 1, 1]), 'scores': array([0.99086994, 0.9761913 , 0.7100867 ], dtype=float32), 'masks': array([[[False, False, False],
        [False, False, False],
        [False, False, False],
        ...,
        [False, False, False],
        [False, False, False],
        [False, False, False]],

       [[False, False, False],
        [False, False, False],
        [False, False, False],
        ...,
        [False, False, False],
        [False, False, False],
        [False, False, False]],

       [[False, False, False],
        [False, False, False],
        [False, False, False],
        ...,
        [False, False, False],
        [False, False, False],
        [False, False, False]],

       ...,

       [[False, False, False],
        [False, False, False],
        [False, False, False],
        ...,
        [False, False, False],
        [False, False, False],
        [False, False, False]],

       [[False, False, False],
        [False, False, False],
        [False, False, False],
        ...,
        [False, False, False],
        [False, False, False],
        [False, False, False]],

       [[False, False, False],
        [False, False, False],
        [False, False, False],
        ...,
        [False, False, False],
        [False, False, False],
        [False, False, False]]])}]"
802,"[{'rois': array([[195, 332, 961, 724],
       [ 66, 339, 128, 474],
       [ 68, 480, 114, 540],
       [ 63, 526, 111, 598],
       [641, 483, 912, 692],
       [ 56, 563, 106, 623],
       [ 20, 788, 154, 853],
       [ 61, 618,  95, 666],
       [ 67, 429, 121, 477]]), 'class_ids': array([ 1,  3,  3,  3, 62,  3,  3,  3,  3]), 'scores': array([0.99989176, 0.9898577 , 0.96366227, 0.9499421 , 0.913498  ,
       0.90588963, 0.81650996, 0.7185304 , 0.70928663], dtype=float32), 'masks': array([[[False, False, False, ..., False, False, False],
        [False, False, False, ..., False, False, False],
        [False, False, False, ..., False, False, False],
        ...,
        [False, False, False, ..., False, False, False],
        [False, False, False, ..., False, False, False],
        [False, False, False, ..., False, False, False]],

       [[False, False, False, ..., False, False, False],
        [False, False, False, ..., False, False, False],
        [False, False, False, ..., False, False, False],
        ...,
        [False, False, False, ..., False, False, False],
        [False, False, False, ..., False, False, False],
        [False, False, False, ..., False, False, False]],

       [[False, False, False, ..., False, False, False],
        [False, False, False, ..., False, False, False],
        [False, False, False, ..., False, False, False],
        ...,
        [False, False, False, ..., False, False, False],
        [False, False, False, ..., False, False, False],
        [False, False, False, ..., False, False, False]],

       ...,

       [[False, False, False, ..., False, False, False],
        [False, False, False, ..., False, False, False],
        [False, False, False, ..., False, False, False],
        ...,
        [False, False, False, ..., False, False, False],
        [False, False, False, ..., False, False, False],
        [False, False, False, ..., False, False, False]],

       [[False, False, False, ..., False, False, False],
        [False, False, False, ..., False, False, False],
        [False, False, False, ..., False, False, False],
        ...,
        [False, False, False, ..., False, False, False],
        [False, False, False, ..., False, False, False],
        [False, False, False, ..., False, False, False]],

       [[False, False, False, ..., False, False, False],
        [False, False, False, ..., False, False, False],
        [False, False, False, ..., False, False, False],
        ...,
        [False, False, False, ..., False, False, False],
        [False, False, False, ..., False, False, False],
        [False, False, False, ..., False, False, False]]])}]"
872,"[{'rois': array([[  0, 185, 796, 643],
       [599, 125, 979, 388]]), 'class_ids': array([24, 59]), 'scores': array([0.9999306 , 0.84495753], dtype=float32), 'masks': array([[[False, False],
        [False, False],
        [False, False],
        ...,
        [False, False],
        [False, False],
        [False, False]],

       [[False, False],
        [False, False],
        [False, False],
        ...,
        [False, False],
        [False, False],
        [False, False]],

       [[False, False],
        [False, False],
        [False, False],
        ...,
        [False, False],
        [False, False],
        [False, False]],

       ...,

       [[False, False],
        [False, False],
        [False, False],
        ...,
        [False, False],
        [False, False],
        [False, False]],

       [[False, False],
        [False, False],
        [False, False],
        ...,
        [False, False],
        [False, False],
        [False, False]],

       [[False, False],
        [False, False],
        [False, False],
        ...,
        [False, False],
        [False, False],
        [False, False]]])}]"
885,"[{'rois': array([[ 219,    7,  829, 1024],
       [ 440,  375,  574,  675]]), 'class_ids': array([60, 16]), 'scores': array([0.98717713, 0.9836488 ], dtype=float32), 'masks': array([[[False, False],
        [False, False],
        [False, False],
        ...,
        [False, False],
        [False, False],
        [False, False]],

       [[False, False],
        [False, False],
        [False, False],
        ...,
        [False, False],
        [False, False],
        [False, False]],

       [[False, False],
        [False, False],
        [False, False],
        ...,
        [False, False],
        [False, False],
        [False, False]],

       ...,

       [[False, False],
        [False, False],
        [False, False],
        ...,
        [False, False],
        [False, False],
        [False, False]],

       [[False, False],
        [False, False],
        [False, False],
        ...,
        [False, False],
        [False, False],
        [False, False]],

       [[False, False],
        [False, False],
        [False, False],
        ...,
        [False, False],
        [False, False],
        [False, False]]])}]"
1000,"[{'rois': array([[335, 500, 520, 701],
       [421, 200, 875, 383],
       [723, 554, 789, 586],
       [691, 467, 789, 497],
       [712, 662, 799, 688],
       [692, 537, 780, 564],
       [670, 447, 760, 470],
       [274, 197, 432, 302],
       [702, 510, 787, 535],
       [298, 142, 919, 278],
       [459, 491, 546, 596],
       [735, 613, 780, 650],
       [690, 637, 755, 665],
       [784, 372, 860, 401],
       [692, 371, 803, 405],
       [374, 178, 535, 267],
       [ 76, 141, 281, 182],
       [703, 489, 784, 510]]), 'class_ids': array([ 1,  1,  1,  1,  1,  1,  1,  1,  1,  1, 37,  1,  1, 37,  1,  1,  1,
        1]), 'scores': array([0.99933076, 0.9985207 , 0.99597013, 0.9904232 , 0.9873039 ,
       0.9845725 , 0.98124737, 0.97906864, 0.97848356, 0.9654296 ,
       0.9625922 , 0.9607719 , 0.9563051 , 0.94700307, 0.91830885,
       0.89769787, 0.8409076 , 0.76383597], dtype=float32), 'masks': array([[[False, False, False, ..., False, False, False],
        [False, False, False, ..., False, False, False],
        [False, False, False, ..., False, False, False],
        ...,
        [False, False, False, ..., False, False, False],
        [False, False, False, ..., False, False, False],
        [False, False, False, ..., False, False, False]],

       [[False, False, False, ..., False, False, False],
        [False, False, False, ..., False, False, False],
        [False, False, False, ..., False, False, False],
        ...,
        [False, False, False, ..., False, False, False],
        [False, False, False, ..., False, False, False],
        [False, False, False, ..., False, False, False]],

       [[False, False, False, ..., False, False, False],
        [False, False, False, ..., False, False, False],
        [False, False, False, ..., False, False, False],
        ...,
        [False, False, False, ..., False, False, False],
        [False, False, False, ..., False, False, False],
        [False, False, False, ..., False, False, False]],

       ...,

       [[False, False, False, ..., False, False, False],
        [False, False, False, ..., False, False, False],
        [False, False, False, ..., False, False, False],
        ...,
        [False, False, False, ..., False, False, False],
        [False, False, False, ..., False, False, False],
        [False, False, False, ..., False, False, False]],

       [[False, False, False, ..., False, False, False],
        [False, False, False, ..., False, False, False],
        [False, False, False, ..., False, False, False],
        ...,
        [False, False, False, ..., False, False, False],
        [False, False, False, ..., False, False, False],
        [False, False, False, ..., False, False, False]],

       [[False, False, False, ..., False, False, False],
        [False, False, False, ..., False, False, False],
        [False, False, False, ..., False, False, False],
        ...,
        [False, False, False, ..., False, False, False],
        [False, False, False, ..., False, False, False],
        [False, False, False, ..., False, False, False]]])}]"
1268,"[{'rois': array([[274, 104, 856, 461],
       [320, 451, 793, 906],
       [737, 376, 915, 589]]), 'class_ids': array([46, 46, 44]), 'scores': array([0.9903488, 0.9777516, 0.8811589], dtype=float32), 'masks': array([[[False, False, False],
        [False, False, False],
        [False, False, False],
        ...,
        [False, False, False],
        [False, False, False],
        [False, False, False]],

       [[False, False, False],
        [False, False, False],
        [False, False, False],
        ...,
        [False, False, False],
        [False, False, False],
        [False, False, False]],

       [[False, False, False],
        [False, False, False],
        [False, False, False],
        ...,
        [False, False, False],
        [False, False, False],
        [False, False, False]],

       ...,

       [[False, False, False],
        [False, False, False],
        [False, False, False],
        ...,
        [False, False, False],
        [False, False, False],
        [False, False, False]],

       [[False, False, False],
        [False, False, False],
        [False, False, False],
        ...,
        [False, False, False],
        [False, False, False],
        [False, False, False]],

       [[False, False, False],
        [False, False, False],
        [False, False, False],
        ...,
        [False, False, False],
        [False, False, False],
        [False, False, False]]])}]"
1296,"[{'rois': array([[211, 339, 912, 671]]), 'class_ids': array([1]), 'scores': array([0.99997103], dtype=float32), 'masks': array([[[False],
        [False],
        [False],
        ...,
        [False],
        [False],
        [False]],

       [[False],
        [False],
        [False],
        ...,
        [False],
        [False],
        [False]],

       [[False],
        [False],
        [False],
        ...,
        [False],
        [False],
        [False]],

       ...,

       [[False],
        [False],
        [False],
        ...,
        [False],
        [False],
        [False]],

       [[False],
        [False],
        [False],
        ...,
        [False],
        [False],
        [False]],

       [[False],
        [False],
        [False],
        ...,
        [False],
        [False],
        [False]]])}]"
1353,"[{'rois': array([[ 197,  106,  809,  771],
       [ 651,  651,  844,  877],
       [ 385,    7,  895,  166],
       [ 672,  937,  776, 1024]]), 'class_ids': array([17, 30,  1, 36]), 'scores': array([0.99816567, 0.9968635 , 0.9668169 , 0.8919785 ], dtype=float32), 'masks': array([[[False, False, False, False],
        [False, False, False, False],
        [False, False, False, False],
        ...,
        [False, False, False, False],
        [False, False, False, False],
        [False, False, False, False]],

       [[False, False, False, False],
        [False, False, False, False],
        [False, False, False, False],
        ...,
        [False, False, False, False],
        [False, False, False, False],
        [False, False, False, False]],

       [[False, False, False, False],
        [False, False, False, False],
        [False, False, False, False],
        ...,
        [False, False, False, False],
        [False, False, False, False],
        [False, False, False, False]],

       ...,

       [[False, False, False, False],
        [False, False, False, False],
        [False, False, False, False],
        ...,
        [False, False, False, False],
        [False, False, False, False],
        [False, False, False, False]],

       [[False, False, False, False],
        [False, False, False, False],
        [False, False, False, False],
        ...,
        [False, False, False, False],
        [False, False, False, False],
        [False, False, False, False]],

       [[False, False, False, False],
        [False, False, False, False],
        [False, False, False, False],
        ...,
        [False, False, False, False],
        [False, False, False, False],
        [False, False, False, False]]])}]"
1425,"[{'rois': array([[425, 115, 794, 841],
       [198, 197, 446, 588],
       [346,   0, 852, 995]]), 'class_ids': array([54, 75, 61]), 'scores': array([0.99800867, 0.8044507 , 0.78856486], dtype=float32), 'masks': array([[[False, False, False],
        [False, False, False],
        [False, False, False],
        ...,
        [False, False, False],
        [False, False, False],
        [False, False, False]],

       [[False, False, False],
        [False, False, False],
        [False, False, False],
        ...,
        [False, False, False],
        [False, False, False],
        [False, False, False]],

       [[False, False, False],
        [False, False, False],
        [False, False, False],
        ...,
        [False, False, False],
        [False, False, False],
        [False, False, False]],

       ...,

       [[False, False, False],
        [False, False, False],
        [False, False, False],
        ...,
        [False, False, False],
        [False, False, False],
        [False, False, False]],

       [[False, False, False],
        [False, False, False],
        [False, False, False],
        ...,
        [False, False, False],
        [False, False, False],
        [False, False, False]],

       [[False, False, False],
        [False, False, False],
        [False, False, False],
        ...,
        [False, False, False],
        [False, False, False],
        [False, False, False]]])}]"
1490,"[{'rois': array([[ 172,   85,  805,  405],
       [ 342,  686,  787,  877],
       [ 628,  753,  848, 1017],
       [ 425,  380,  792,  666],
       [ 319,  855,  618, 1022],
       [ 481,    1,  778,   51],
       [ 224,  351,  243,  402],
       [ 338,  539,  505,  648],
       [ 267,   79,  326,   99],
       [ 781,  471,  851,  757],
       [ 259,   57,  324,   82],
       [ 266,   32,  324,   66],
       [ 539,  104,  698,  140],
       [ 418,  439,  504,  493],
       [ 487,  871,  548,  958]]), 'class_ids': array([ 1,  1,  1,  1,  1,  1,  3,  1,  1, 56,  1,  1, 40,  1, 27]), 'scores': array([0.9997009 , 0.99936765, 0.99570197, 0.99561274, 0.99508023,
       0.98723257, 0.9865947 , 0.98643714, 0.9854316 , 0.9726077 ,
       0.96611005, 0.935667  , 0.824391  , 0.8043782 , 0.7585809 ],
      dtype=float32), 'masks': array([[[False, False, False, ..., False, False, False],
        [False, False, False, ..., False, False, False],
        [False, False, False, ..., False, False, False],
        ...,
        [False, False, False, ..., False, False, False],
        [False, False, False, ..., False, False, False],
        [False, False, False, ..., False, False, False]],

       [[False, False, False, ..., False, False, False],
        [False, False, False, ..., False, False, False],
        [False, False, False, ..., False, False, False],
        ...,
        [False, False, False, ..., False, False, False],
        [False, False, False, ..., False, False, False],
        [False, False, False, ..., False, False, False]],

       [[False, False, False, ..., False, False, False],
        [False, False, False, ..., False, False, False],
        [False, False, False, ..., False, False, False],
        ...,
        [False, False, False, ..., False, False, False],
        [False, False, False, ..., False, False, False],
        [False, False, False, ..., False, False, False]],

       ...,

       [[False, False, False, ..., False, False, False],
        [False, False, False, ..., False, False, False],
        [False, False, False, ..., False, False, False],
        ...,
        [False, False, False, ..., False, False, False],
        [False, False, False, ..., False, False, False],
        [False, False, False, ..., False, False, False]],

       [[False, False, False, ..., False, False, False],
        [False, False, False, ..., False, False, False],
        [False, False, False, ..., False, False, False],
        ...,
        [False, False, False, ..., False, False, False],
        [False, False, False, ..., False, False, False],
        [False, False, False, ..., False, False, False]],

       [[False, False, False, ..., False, False, False],
        [False, False, False, ..., False, False, False],
        [False, False, False, ..., False, False, False],
        ...,
        [False, False, False, ..., False, False, False],
        [False, False, False, ..., False, False, False],
        [False, False, False, ..., False, False, False]]])}]"
1503,"[{'rois': array([[385, 472, 757, 928],
       [320,  88, 745, 662]]), 'class_ids': array([23, 23]), 'scores': array([0.9998815 , 0.99987197], dtype=float32), 'masks': array([[[False, False],
        [False, False],
        [False, False],
        ...,
        [False, False],
        [False, False],
        [False, False]],

       [[False, False],
        [False, False],
        [False, False],
        ...,
        [False, False],
        [False, False],
        [False, False]],

       [[False, False],
        [False, False],
        [False, False],
        ...,
        [False, False],
        [False, False],
        [False, False]],

       ...,

       [[False, False],
        [False, False],
        [False, False],
        ...,
        [False, False],
        [False, False],
        [False, False]],

       [[False, False],
        [False, False],
        [False, False],
        ...,
        [False, False],
        [False, False],
        [False, False]],

       [[False, False],
        [False, False],
        [False, False],
        ...,
        [False, False],
        [False, False],
        [False, False]]])}]"
1532,"[{'rois': array([[597, 166, 809, 545],
       [468, 470, 764, 936]]), 'class_ids': array([37, 37]), 'scores': array([0.78781545, 0.7156018 ], dtype=float32), 'masks': array([[[False, False],
        [False, False],
        [False, False],
        ...,
        [False, False],
        [False, False],
        [False, False]],

       [[False, False],
        [False, False],
        [False, False],
        ...,
        [False, False],
        [False, False],
        [False, False]],

       [[False, False],
        [False, False],
        [False, False],
        ...,
        [False, False],
        [False, False],
        [False, False]],

       ...,

       [[False, False],
        [False, False],
        [False, False],
        ...,
        [False, False],
        [False, False],
        [False, False]],

       [[False, False],
        [False, False],
        [False, False],
        ...,
        [False, False],
        [False, False],
        [False, False]],

       [[False, False],
        [False, False],
        [False, False],
        ...,
        [False, False],
        [False, False],
        [False, False]]])}]"
1584,"[{'rois': array([[513, 209, 854, 712],
       [379, 435, 832, 607],
       [414, 533, 438, 556]]), 'class_ids': array([ 2,  1, 68]), 'scores': array([0.99973816, 0.9992335 , 0.72521335], dtype=float32), 'masks': array([[[False, False, False],
        [False, False, False],
        [False, False, False],
        ...,
        [False, False, False],
        [False, False, False],
        [False, False, False]],

       [[False, False, False],
        [False, False, False],
        [False, False, False],
        ...,
        [False, False, False],
        [False, False, False],
        [False, False, False]],

       [[False, False, False],
        [False, False, False],
        [False, False, False],
        ...,
        [False, False, False],
        [False, False, False],
        [False, False, False]],

       ...,

       [[False, False, False],
        [False, False, False],
        [False, False, False],
        ...,
        [False, False, False],
        [False, False, False],
        [False, False, False]],

       [[False, False, False],
        [False, False, False],
        [False, False, False],
        ...,
        [False, False, False],
        [False, False, False],
        [False, False, False]],

       [[False, False, False],
        [False, False, False],
        [False, False, False],
        ...,
        [False, False, False],
        [False, False, False],
        [False, False, False]]])}]"
1675,"[{'rois': array([[181, 127, 346, 409],
       [140, 156, 452, 968]]), 'class_ids': array([3, 3]), 'scores': array([0.9781551, 0.9133443], dtype=float32), 'masks': array([[[False, False],
        [False, False],
        [False, False],
        ...,
        [False, False],
        [False, False],
        [False, False]],

       [[False, False],
        [False, False],
        [False, False],
        ...,
        [False, False],
        [False, False],
        [False, False]],

       [[False, False],
        [False, False],
        [False, False],
        ...,
        [False, False],
        [False, False],
        [False, False]],

       ...,

       [[False, False],
        [False, False],
        [False, False],
        ...,
        [False, False],
        [False, False],
        [False, False]],

       [[False, False],
        [False, False],
        [False, False],
        ...,
        [False, False],
        [False, False],
        [False, False]],

       [[False, False],
        [False, False],
        [False, False],
        ...,
        [False, False],
        [False, False],
        [False, False]]])}]"
1761,"[{'rois': array([[ 418,  280, 1000,  797],
       [ 296,  341,  507,  579]]), 'class_ids': array([62, 16]), 'scores': array([0.999681  , 0.99964225], dtype=float32), 'masks': array([[[False, False],
        [False, False],
        [False, False],
        ...,
        [False, False],
        [False, False],
        [False, False]],

       [[False, False],
        [False, False],
        [False, False],
        ...,
        [False, False],
        [False, False],
        [False, False]],

       [[False, False],
        [False, False],
        [False, False],
        ...,
        [False, False],
        [False, False],
        [False, False]],

       ...,

       [[False, False],
        [False, False],
        [False, False],
        ...,
        [False, False],
        [False, False],
        [False, False]],

       [[False, False],
        [False, False],
        [False, False],
        ...,
        [False, False],
        [False, False],
        [False, False]],

       [[False, False],
        [False, False],
        [False, False],
        ...,
        [False, False],
        [False, False],
        [False, False]]])}]"
1818,"[{'rois': array([[ 207,  167,  812,  575],
       [ 450,  492,  656,  952],
       [ 764,  798,  851,  983],
       [ 366,  516,  717,  772],
       [ 691,   36,  851,  505],
       [ 750,  955,  852, 1024],
       [ 686,  635,  848,  840],
       [ 539,   42,  845,  801],
       [ 617,   42,  849,  525]]), 'class_ids': array([ 1, 39, 39,  1,  2,  1,  2,  2, 57]), 'scores': array([0.9995639 , 0.9993968 , 0.98826605, 0.9580374 , 0.8599981 ,
       0.84172255, 0.7912701 , 0.73311436, 0.7307162 ], dtype=float32), 'masks': array([[[False, False, False, ..., False, False, False],
        [False, False, False, ..., False, False, False],
        [False, False, False, ..., False, False, False],
        ...,
        [False, False, False, ..., False, False, False],
        [False, False, False, ..., False, False, False],
        [False, False, False, ..., False, False, False]],

       [[False, False, False, ..., False, False, False],
        [False, False, False, ..., False, False, False],
        [False, False, False, ..., False, False, False],
        ...,
        [False, False, False, ..., False, False, False],
        [False, False, False, ..., False, False, False],
        [False, False, False, ..., False, False, False]],

       [[False, False, False, ..., False, False, False],
        [False, False, False, ..., False, False, False],
        [False, False, False, ..., False, False, False],
        ...,
        [False, False, False, ..., False, False, False],
        [False, False, False, ..., False, False, False],
        [False, False, False, ..., False, False, False]],

       ...,

       [[False, False, False, ..., False, False, False],
        [False, False, False, ..., False, False, False],
        [False, False, False, ..., False, False, False],
        ...,
        [False, False, False, ..., False, False, False],
        [False, False, False, ..., False, False, False],
        [False, False, False, ..., False, False, False]],

       [[False, False, False, ..., False, False, False],
        [False, False, False, ..., False, False, False],
        [False, False, False, ..., False, False, False],
        ...,
        [False, False, False, ..., False, False, False],
        [False, False, False, ..., False, False, False],
        [False, False, False, ..., False, False, False]],

       [[False, False, False, ..., False, False, False],
        [False, False, False, ..., False, False, False],
        [False, False, False, ..., False, False, False],
        ...,
        [False, False, False, ..., False, False, False],
        [False, False, False, ..., False, False, False],
        [False, False, False, ..., False, False, False]]])}]"
1993,"[{'rois': array([[384, 167, 653, 260],
       [ 11, 351, 960, 822],
       [544, 778, 606, 852]]), 'class_ids': array([57, 73, 72]), 'scores': array([0.99847513, 0.98065335, 0.94487256], dtype=float32), 'masks': array([[[False, False, False],
        [False, False, False],
        [False, False, False],
        ...,
        [False, False, False],
        [False, False, False],
        [False, False, False]],

       [[False, False, False],
        [False, False, False],
        [False, False, False],
        ...,
        [False, False, False],
        [False, False, False],
        [False, False, False]],

       [[False, False, False],
        [False, False, False],
        [False, False, False],
        ...,
        [False, False, False],
        [False, False, False],
        [False, False, False]],

       ...,

       [[False, False, False],
        [False, False, False],
        [False, False, False],
        ...,
        [False, False, False],
        [False, False, False],
        [False, False, False]],

       [[False, False, False],
        [False, False, False],
        [False, False, False],
        ...,
        [False, False, False],
        [False, False, False],
        [False, False, False]],

       [[False, False, False],
        [False, False, False],
        [False, False, False],
        ...,
        [False, False, False],
        [False, False, False],
        [False, False, False]]])}]"
2006,"[{'rois': array([[ 255,  428,  634,  711],
       [ 756,  139, 1022,  330],
       [   2,   86,  968,  910],
       [ 223,  132,  580,  351],
       [ 476,  668,  606,  728],
       [ 298,  206,  494,  315],
       [ 281,  372,  321,  399]]), 'class_ids': array([1, 1, 6, 1, 1, 1, 1]), 'scores': array([0.9993986 , 0.98191535, 0.93859434, 0.9367542 , 0.8883135 ,
       0.8339947 , 0.7528377 ], dtype=float32), 'masks': array([[[False, False, False, ..., False, False, False],
        [False, False, False, ..., False, False, False],
        [False, False, False, ..., False, False, False],
        ...,
        [False, False, False, ..., False, False, False],
        [False, False, False, ..., False, False, False],
        [False, False, False, ..., False, False, False]],

       [[False, False, False, ..., False, False, False],
        [False, False, False, ..., False, False, False],
        [False, False, False, ..., False, False, False],
        ...,
        [False, False, False, ..., False, False, False],
        [False, False, False, ..., False, False, False],
        [False, False, False, ..., False, False, False]],

       [[False, False, False, ..., False, False, False],
        [False, False, False, ..., False, False, False],
        [False, False, False, ..., False, False, False],
        ...,
        [False, False, False, ..., False, False, False],
        [False, False, False, ..., False, False, False],
        [False, False, False, ..., False, False, False]],

       ...,

       [[False, False, False, ..., False, False, False],
        [False, False, False, ..., False, False, False],
        [False, False, False, ..., False, False, False],
        ...,
        [False, False, False, ..., False, False, False],
        [False, False, False, ..., False, False, False],
        [False, False, False, ..., False, False, False]],

       [[False, False, False, ..., False, False, False],
        [False, False, False, ..., False, False, False],
        [False, False, False, ..., False, False, False],
        ...,
        [False, False, False, ..., False, False, False],
        [False, False, False, ..., False, False, False],
        [False, False, False, ..., False, False, False]],

       [[False, False, False, ..., False, False, False],
        [False, False, False, ..., False, False, False],
        [False, False, False, ..., False, False, False],
        ...,
        [False, False, False, ..., False, False, False],
        [False, False, False, ..., False, False, False],
        [False, False, False, ..., False, False, False]]])}]"
2149,"[{'rois': array([[549, 623, 580, 744],
       [565, 347, 666, 499],
       [576, 525, 604, 619],
       [551, 739, 569, 836],
       [277, 334, 627, 491],
       [539, 412, 576, 440],
       [539, 299, 586, 388],
       [540, 171, 565, 229],
       [552, 455, 577, 514]]), 'class_ids': array([9, 9, 9, 9, 9, 1, 9, 9, 9]), 'scores': array([0.9947242 , 0.9946083 , 0.94703555, 0.91391647, 0.90539455,
       0.8478736 , 0.8438757 , 0.8327875 , 0.7749833 ], dtype=float32), 'masks': array([[[False, False, False, ..., False, False, False],
        [False, False, False, ..., False, False, False],
        [False, False, False, ..., False, False, False],
        ...,
        [False, False, False, ..., False, False, False],
        [False, False, False, ..., False, False, False],
        [False, False, False, ..., False, False, False]],

       [[False, False, False, ..., False, False, False],
        [False, False, False, ..., False, False, False],
        [False, False, False, ..., False, False, False],
        ...,
        [False, False, False, ..., False, False, False],
        [False, False, False, ..., False, False, False],
        [False, False, False, ..., False, False, False]],

       [[False, False, False, ..., False, False, False],
        [False, False, False, ..., False, False, False],
        [False, False, False, ..., False, False, False],
        ...,
        [False, False, False, ..., False, False, False],
        [False, False, False, ..., False, False, False],
        [False, False, False, ..., False, False, False]],

       ...,

       [[False, False, False, ..., False, False, False],
        [False, False, False, ..., False, False, False],
        [False, False, False, ..., False, False, False],
        ...,
        [False, False, False, ..., False, False, False],
        [False, False, False, ..., False, False, False],
        [False, False, False, ..., False, False, False]],

       [[False, False, False, ..., False, False, False],
        [False, False, False, ..., False, False, False],
        [False, False, False, ..., False, False, False],
        ...,
        [False, False, False, ..., False, False, False],
        [False, False, False, ..., False, False, False],
        [False, False, False, ..., False, False, False]],

       [[False, False, False, ..., False, False, False],
        [False, False, False, ..., False, False, False],
        [False, False, False, ..., False, False, False],
        ...,
        [False, False, False, ..., False, False, False],
        [False, False, False, ..., False, False, False],
        [False, False, False, ..., False, False, False]]])}]"
2153,"[{'rois': array([[285, 598, 743, 850],
       [289, 359, 904, 726]]), 'class_ids': array([58, 29]), 'scores': array([0.9298535, 0.8654654], dtype=float32), 'masks': array([[[False, False],
        [False, False],
        [False, False],
        ...,
        [False, False],
        [False, False],
        [False, False]],

       [[False, False],
        [False, False],
        [False, False],
        ...,
        [False, False],
        [False, False],
        [False, False]],

       [[False, False],
        [False, False],
        [False, False],
        ...,
        [False, False],
        [False, False],
        [False, False]],

       ...,

       [[False, False],
        [False, False],
        [False, False],
        ...,
        [False, False],
        [False, False],
        [False, False]],

       [[False, False],
        [False, False],
        [False, False],
        ...,
        [False, False],
        [False, False],
        [False, False]],

       [[False, False],
        [False, False],
        [False, False],
        ...,
        [False, False],
        [False, False],
        [False, False]]])}]"
2157,"[{'rois': array([[ 360,  888,  714, 1022],
       [ 408,  185,  750,  467],
       [ 398,  557,  699,  704],
       [ 494,  532,  525,  615],
       [ 615,  866,  625,  902],
       [ 435,  379,  694,  487],
       [ 527,  495,  656,  591]]), 'class_ids': array([ 1,  1,  1, 30, 30,  1,  1]), 'scores': array([0.99991786, 0.99990654, 0.99986804, 0.9984547 , 0.99693894,
       0.99624   , 0.99257517], dtype=float32), 'masks': array([[[False, False, False, ..., False, False, False],
        [False, False, False, ..., False, False, False],
        [False, False, False, ..., False, False, False],
        ...,
        [False, False, False, ..., False, False, False],
        [False, False, False, ..., False, False, False],
        [False, False, False, ..., False, False, False]],

       [[False, False, False, ..., False, False, False],
        [False, False, False, ..., False, False, False],
        [False, False, False, ..., False, False, False],
        ...,
        [False, False, False, ..., False, False, False],
        [False, False, False, ..., False, False, False],
        [False, False, False, ..., False, False, False]],

       [[False, False, False, ..., False, False, False],
        [False, False, False, ..., False, False, False],
        [False, False, False, ..., False, False, False],
        ...,
        [False, False, False, ..., False, False, False],
        [False, False, False, ..., False, False, False],
        [False, False, False, ..., False, False, False]],

       ...,

       [[False, False, False, ..., False, False, False],
        [False, False, False, ..., False, False, False],
        [False, False, False, ..., False, False, False],
        ...,
        [False, False, False, ..., False, False, False],
        [False, False, False, ..., False, False, False],
        [False, False, False, ..., False, False, False]],

       [[False, False, False, ..., False, False, False],
        [False, False, False, ..., False, False, False],
        [False, False, False, ..., False, False, False],
        ...,
        [False, False, False, ..., False, False, False],
        [False, False, False, ..., False, False, False],
        [False, False, False, ..., False, False, False]],

       [[False, False, False, ..., False, False, False],
        [False, False, False, ..., False, False, False],
        [False, False, False, ..., False, False, False],
        ...,
        [False, False, False, ..., False, False, False],
        [False, False, False, ..., False, False, False],
        [False, False, False, ..., False, False, False]]])}]"
2261,"[{'rois': array([[ 576,  519,  729,  633],
       [ 590,  131,  703,  417],
       [ 508,  717,  558,  807],
       [ 572,  724,  857, 1024],
       [ 569,   42,  824,  239],
       [ 638,  417,  757,  537],
       [ 688,  453,  748,  524],
       [ 718,  301,  855,  658],
       [ 689,  425,  765,  480],
       [ 590,  272,  645,  325],
       [ 391,  962,  427,  980],
       [ 457,   46,  511,   61],
       [ 457,   66,  511,   77],
       [ 574,  655,  748,  767],
       [ 459,   41,  512,   53],
       [ 475,  358,  520,  369],
       [ 698,  362,  737,  420],
       [ 456,   81,  511,   93],
       [ 457,   56,  511,   68]]), 'class_ids': array([57, 58, 26, 58, 57, 59, 76, 61, 76, 59,  1, 40, 40, 57, 40, 40, 46,
       40, 40]), 'scores': array([0.99869007, 0.9878116 , 0.9861668 , 0.9806151 , 0.9725795 ,
       0.94918203, 0.924292  , 0.8943347 , 0.89367574, 0.8662977 ,
       0.8584093 , 0.8410504 , 0.83892524, 0.7994811 , 0.7918942 ,
       0.785132  , 0.7692475 , 0.74105644, 0.72514975], dtype=float32), 'masks': array([[[False, False, False, ..., False, False, False],
        [False, False, False, ..., False, False, False],
        [False, False, False, ..., False, False, False],
        ...,
        [False, False, False, ..., False, False, False],
        [False, False, False, ..., False, False, False],
        [False, False, False, ..., False, False, False]],

       [[False, False, False, ..., False, False, False],
        [False, False, False, ..., False, False, False],
        [False, False, False, ..., False, False, False],
        ...,
        [False, False, False, ..., False, False, False],
        [False, False, False, ..., False, False, False],
        [False, False, False, ..., False, False, False]],

       [[False, False, False, ..., False, False, False],
        [False, False, False, ..., False, False, False],
        [False, False, False, ..., False, False, False],
        ...,
        [False, False, False, ..., False, False, False],
        [False, False, False, ..., False, False, False],
        [False, False, False, ..., False, False, False]],

       ...,

       [[False, False, False, ..., False, False, False],
        [False, False, False, ..., False, False, False],
        [False, False, False, ..., False, False, False],
        ...,
        [False, False, False, ..., False, False, False],
        [False, False, False, ..., False, False, False],
        [False, False, False, ..., False, False, False]],

       [[False, False, False, ..., False, False, False],
        [False, False, False, ..., False, False, False],
        [False, False, False, ..., False, False, False],
        ...,
        [False, False, False, ..., False, False, False],
        [False, False, False, ..., False, False, False],
        [False, False, False, ..., False, False, False]],

       [[False, False, False, ..., False, False, False],
        [False, False, False, ..., False, False, False],
        [False, False, False, ..., False, False, False],
        ...,
        [False, False, False, ..., False, False, False],
        [False, False, False, ..., False, False, False],
        [False, False, False, ..., False, False, False]]])}]"
2299,"[{'rois': array([[ 244,  677,  512,  863],
       [ 634,  392, 1011,  767],
       [ 537,  654,  905,  866],
       [ 199,  619,  309,  773],
       [ 303,  473,  682,  689]]), 'class_ids': array([55, 55, 55, 55, 47]), 'scores': array([0.9931197, 0.9828873, 0.9825478, 0.9512392, 0.8523132],
      dtype=float32), 'masks': array([[[False, False, False, False, False],
        [False, False, False, False, False],
        [False, False, False, False, False],
        ...,
        [False, False, False, False, False],
        [False, False, False, False, False],
        [False, False, False, False, False]],

       [[False, False, False, False, False],
        [False, False, False, False, False],
        [False, False, False, False, False],
        ...,
        [False, False, False, False, False],
        [False, False, False, False, False],
        [False, False, False, False, False]],

       [[False, False, False, False, False],
        [False, False, False, False, False],
        [False, False, False, False, False],
        ...,
        [False, False, False, False, False],
        [False, False, False, False, False],
        [False, False, False, False, False]],

       ...,

       [[False, False, False, False, False],
        [False, False, False, False, False],
        [False, False, False, False, False],
        ...,
        [False, False, False, False, False],
        [False, False, False, False, False],
        [False, False, False, False, False]],

       [[False, False, False, False, False],
        [False, False, False, False, False],
        [False, False, False, False, False],
        ...,
        [False, False, False, False, False],
        [False, False, False, False, False],
        [False, False, False, False, False]],

       [[False, False, False, False, False],
        [False, False, False, False, False],
        [False, False, False, False, False],
        ...,
        [False, False, False, False, False],
        [False, False, False, False, False],
        [False, False, False, False, False]]])}]"
2431,"[{'rois': array([[ 164,  358,  224,  398],
       [ 151,  192,  221,  242],
       [ 118,  869,  316,  982],
       [ 148,  721,  275,  792],
       [ 125,  625,  225,  702],
       [ 141,  443,  226,  721],
       [ 186,  780,  421, 1023],
       [ 153, 1003,  249, 1024],
       [ 190,   66,  782, 1017],
       [ 148,  317,  182,  335],
       [ 143,  341,  179,  353],
       [ 145,  149,  223,  187],
       [ 172,  737,  233,  773]]), 'class_ids': array([ 1,  1,  1,  1,  1,  3,  4,  1, 18,  1,  1,  1, 27]), 'scores': array([0.9981896 , 0.99786735, 0.9975243 , 0.99726343, 0.98817843,
       0.98435414, 0.9488332 , 0.936248  , 0.90265167, 0.90010417,
       0.8936909 , 0.82332516, 0.78308845], dtype=float32), 'masks': array([[[False, False, False, ..., False, False, False],
        [False, False, False, ..., False, False, False],
        [False, False, False, ..., False, False, False],
        ...,
        [False, False, False, ..., False, False, False],
        [False, False, False, ..., False, False, False],
        [False, False, False, ..., False, False, False]],

       [[False, False, False, ..., False, False, False],
        [False, False, False, ..., False, False, False],
        [False, False, False, ..., False, False, False],
        ...,
        [False, False, False, ..., False, False, False],
        [False, False, False, ..., False, False, False],
        [False, False, False, ..., False, False, False]],

       [[False, False, False, ..., False, False, False],
        [False, False, False, ..., False, False, False],
        [False, False, False, ..., False, False, False],
        ...,
        [False, False, False, ..., False, False, False],
        [False, False, False, ..., False, False, False],
        [False, False, False, ..., False, False, False]],

       ...,

       [[False, False, False, ..., False, False, False],
        [False, False, False, ..., False, False, False],
        [False, False, False, ..., False, False, False],
        ...,
        [False, False, False, ..., False, False, False],
        [False, False, False, ..., False, False, False],
        [False, False, False, ..., False, False, False]],

       [[False, False, False, ..., False, False, False],
        [False, False, False, ..., False, False, False],
        [False, False, False, ..., False, False, False],
        ...,
        [False, False, False, ..., False, False, False],
        [False, False, False, ..., False, False, False],
        [False, False, False, ..., False, False, False]],

       [[False, False, False, ..., False, False, False],
        [False, False, False, ..., False, False, False],
        [False, False, False, ..., False, False, False],
        ...,
        [False, False, False, ..., False, False, False],
        [False, False, False, ..., False, False, False],
        [False, False, False, ..., False, False, False]]])}]"
2473,"[{'rois': array([[529, 353, 604, 422],
       [534, 798, 627, 919],
       [439, 744, 555, 779],
       [515, 137, 578, 168],
       [511,  51, 579, 123],
       [459, 393, 501, 440],
       [596, 535, 634, 603],
       [604, 820, 658, 901]]), 'class_ids': array([23, 23, 24, 23, 23, 24, 20, 23]), 'scores': array([0.9993074 , 0.99879754, 0.998185  , 0.9961702 , 0.99468297,
       0.9814377 , 0.9666451 , 0.9127677 ], dtype=float32), 'masks': array([[[False, False, False, ..., False, False, False],
        [False, False, False, ..., False, False, False],
        [False, False, False, ..., False, False, False],
        ...,
        [False, False, False, ..., False, False, False],
        [False, False, False, ..., False, False, False],
        [False, False, False, ..., False, False, False]],

       [[False, False, False, ..., False, False, False],
        [False, False, False, ..., False, False, False],
        [False, False, False, ..., False, False, False],
        ...,
        [False, False, False, ..., False, False, False],
        [False, False, False, ..., False, False, False],
        [False, False, False, ..., False, False, False]],

       [[False, False, False, ..., False, False, False],
        [False, False, False, ..., False, False, False],
        [False, False, False, ..., False, False, False],
        ...,
        [False, False, False, ..., False, False, False],
        [False, False, False, ..., False, False, False],
        [False, False, False, ..., False, False, False]],

       ...,

       [[False, False, False, ..., False, False, False],
        [False, False, False, ..., False, False, False],
        [False, False, False, ..., False, False, False],
        ...,
        [False, False, False, ..., False, False, False],
        [False, False, False, ..., False, False, False],
        [False, False, False, ..., False, False, False]],

       [[False, False, False, ..., False, False, False],
        [False, False, False, ..., False, False, False],
        [False, False, False, ..., False, False, False],
        ...,
        [False, False, False, ..., False, False, False],
        [False, False, False, ..., False, False, False],
        [False, False, False, ..., False, False, False]],

       [[False, False, False, ..., False, False, False],
        [False, False, False, ..., False, False, False],
        [False, False, False, ..., False, False, False],
        ...,
        [False, False, False, ..., False, False, False],
        [False, False, False, ..., False, False, False],
        [False, False, False, ..., False, False, False]]])}]"
